customer_id,customer_name,reg_date
1,Alexander Nanda,2023-02-01
2,Avni Tella,2024-11-03
3,Varsha Bajwa,2024-06-29
4,Pahal Ramakrishnan,2024-08-06
5,Gagan Gupta,2024-03-21
6,Chanakya Krishnan,2022-10-11
7,Sara Ganguly,2023-04-19
8,Pavani Krishnamurthy,2025-06-30
9,Utkarsh Dutta,2023-10-08
10,Rachana Palan,2024-06-01
11,Hemangini Gour,2024-06-08
12,Lajita Naik,2024-09-13
13,Jhalak Kade,2023-10-24
14,Meghana Mitra,2023-06-07
15,Daniel Bahri,2023-01-28
16,Lipika Goswami,2023-07-24
17,Joshua Dâ€™Alia,2023-05-09
18,Manya Madan,2024-04-08
19,Vrinda Dixit,2025-05-01
20,Sai Contractor,2025-08-01
21,Brinda Sarkar,2025-05-10
22,Radha Chahal,2023-08-24
23,Faras Balakrishnan,2024-02-03
24,Guneet Lad,2025-01-10
25,Pooja Natt,2025-08-27
26,Ranveer Malhotra,2024-11-15
27,Ojas Butala,2022-10-10
28,Widisha Thaman,2025-04-25
29,Teerth Sani,2024-07-16
30,Charvi Hans,2023-06-28
31,Brinda Mital,2025-05-16
32,Yuvraj Talwar,2025-03-22
33,Vaishnavi Solanki,2025-03-27
34,Aryan Srinivasan,2024-12-18
35,Harsh Reddy,2024-05-24
36,Chatresh Chahal,2023-06-22
37,Ansh Chacko,2024-08-07
38,Zayyan Dugar,2023-05-17
39,Balendra Sandal,2023-10-27
40,Advay Anne,2024-06-18
41,Hritik Manne,2025-05-20
42,Amara Deol,2024-09-27
43,Barkha Dubey,2023-04-17
44,Aarav Shetty,2022-11-07
45,Wazir Sankaran,2023-06-13
46,Faras Dhar,2023-09-21
47,Nidra Mahal,2023-05-19
48,Ryan Gera,2024-11-22
49,Janya Patil,2024-06-11
50,Kai Tank,2023-09-21
51,Meghana Sur,2025-05-23
52,Upadhriti Sama,2024-08-27
53,Chanakya Sachdeva,2022-12-06
54,Chakradhar Mitter,2025-04-12
55,Zayan Saran,2025-08-22
56,Henry Rege,2023-05-27
57,Shivani Krish,2024-12-24
58,Qushi Raju,2023-05-02
59,Leena Balasubramanian,2024-09-20
60,Kamala Kohli,2024-01-28
61,Jagdish Ghose,2024-12-03
62,Bimala Choudhry,2023-04-02
63,Gaurang Bhardwaj,2025-08-07
64,Jagat Sidhu,2024-03-13
65,Victor Bora,2024-12-07
66,Chameli Kulkarni,2024-06-30
67,Ekantika Ravel,2025-02-22
68,Timothy Mall,2023-10-05
69,Azaan Samra,2024-10-12
70,Zayyan Grover,2025-08-09
71,Rudra Nayar,2024-11-28
72,Alka Gandhi,2024-07-27
73,Oliver Wali,2022-12-16
74,Yashasvi Borde,2024-03-21
75,Ekta Thakur,2024-10-26
76,Rachit Madan,2022-10-08
77,Advik Sankar,2024-09-10
78,Neelima Tak,2025-08-17
79,Nikita Taneja,2023-11-25
80,Aditya Sahni,2024-03-04
81,Aradhana Sidhu,2025-01-10
82,Dominic Sankaran,2023-02-27
83,Warda Bhatnagar,2025-05-20
84,Pushti Saran,2025-07-13
85,Pranav Wali,2023-08-27
86,Atharv Bora,2023-11-12
87,Aadhya Pradhan,2023-05-08
88,Fitan Gill,2022-11-05
89,Abha Bhargava,2023-05-17
90,Yochana Kade,2024-02-02
91,Bhavini Pall,2024-10-07
92,Zayan Mitter,2024-10-13
93,Upkaar Kota,2024-03-08
94,Charita Luthra,2024-01-03
95,Onveer Bala,2025-06-09
96,Daksha Ram,2025-06-10
97,Pallavi Kurian,2024-04-07
98,Gautami Chhabra,2025-08-06
99,Watika Goyal,2023-10-29
100,Tara Viswanathan,2025-04-22
101,Pavani Rana,2023-09-22
102,Reyansh Jayaraman,2025-07-24
103,Aarnav Nath,2024-08-31
104,Caleb Prabhu,2024-09-19
105,Gautam Dubey,2024-10-01
106,Kashvi Varughese,2024-03-14
107,Baljiwan Radhakrishnan,2024-12-07
108,Aishani Tandon,2022-12-23
109,Harita Rana,2025-06-01
110,Onveer Swaminathan,2023-10-28
111,Nicholas Samra,2024-08-13
112,Neha Rama,2025-02-16
113,Abhimanyu Dixit,2023-06-15
114,Aishani Venkataraman,2024-02-16
115,Nathan Sinha,2024-09-15
116,Aarush Goda,2023-06-25
117,Aarav Gulati,2024-01-09
118,Aadhya Char,2022-11-12
119,Raksha Deshmukh,2022-10-21
120,Samuel Kaul,2023-10-16
121,Tanay Deo,2024-08-27
122,Om Halder,2025-06-02
123,Ekanta Doshi,2023-12-05
124,Ria Chada,2022-11-13
125,Aarnav Sathe,2024-02-17
126,Jyoti Dixit,2023-11-04
127,Umang Banerjee,2023-01-18
128,Falguni Mammen,2022-12-24
129,Yauvani Bala,2022-10-11
130,Nidra Nagarajan,2024-04-04
131,Lavanya Kala,2024-06-25
132,Shravya Jain,2024-02-16
133,Vedhika Shah,2022-10-31
134,Vansha Varma,2023-01-12
135,Xalak Thaman,2024-10-11
136,Timothy Tiwari,2025-03-02
137,Karan Arya,2025-01-18
138,Hemani Gandhi,2024-09-07
139,Ati Saxena,2023-09-05
140,Mason Solanki,2024-02-21
141,Kala Grewal,2025-08-21
142,Chasmum Lall,2024-11-28
143,Oviya Sandhu,2023-11-03
144,Krishna Chand,2022-11-16
145,Ati Lanka,2025-07-01
146,Sanaya Varma,2025-08-01
147,Bishakha Karnik,2022-11-27
148,Januja Ravi,2025-01-22
149,Kala Dhar,2022-12-21
150,Mahika Parmar,2023-07-27
151,Idika Sur,2025-07-10
152,Samuel Jain,2025-01-06
153,Gaurika Khosla,2025-04-01
154,Eesha Chanda,2024-02-13
155,Ikbal Rout,2023-08-20
156,Yash Bahri,2024-05-21
157,Faraj Date,2024-09-01
158,Logan Sant,2024-04-29
159,Balhaar Verma,2023-07-17
160,Gautam Johal,2024-01-28
161,Damini Dhingra,2025-06-21
162,Vrishti Mani,2022-10-16
163,Zayyan Barman,2024-06-14
164,Dhriti Tata,2023-09-19
165,Kritika Borde,2023-03-03
166,Eshana Bath,2023-11-16
167,Faqid Raju,2024-11-03
168,Sudiksha Gera,2023-03-01
169,Lipika More,2022-10-25
170,Tarak Balakrishnan,2025-01-23
171,Ikbal Dugar,2023-03-15
172,Ekbal Sule,2025-03-07
173,Udyati Swaminathan,2024-01-01
174,Vincent Ravi,2023-10-08
175,Anjali Comar,2025-05-29
176,Thomas Cheema,2025-04-22
177,Jeevika Johal,2024-12-03
178,Aarush Khurana,2025-05-19
179,Amara Edwin,2023-01-20
180,Girish Ratta,2025-05-15
181,Tanish Boase,2024-08-16
182,Priya Chakrabarti,2024-01-18
183,Lakshit Shenoy,2025-04-20
184,Qadim Rana,2024-10-18
185,Hemang Wable,2023-12-03
186,Leena Tella,2023-01-21
187,Agastya Vora,2023-12-12
188,Yauvani Agate,2023-08-24
189,Yasti Dutt,2025-06-06
190,Warinder Nagi,2023-05-30
191,Vihaan Buch,2024-03-18
192,Rohan Mani,2024-10-12
193,Balvan Ramesh,2023-11-13
194,Nitara Dass,2022-11-01
195,Ansh Sathe,2024-04-26
196,Jasmit Luthra,2023-02-21
197,Ishaan Venkataraman,2023-08-22
198,Pallavi Merchant,2023-04-13
199,Jagat Oommen,2025-05-26
200,Akshay Bhatnagar,2023-06-02
201,Zilmil Parekh,2025-03-01
202,Ridhi Mannan,2023-06-16
203,Girindra Khare,2024-07-23
204,Frederick Oza,2025-08-16
205,Amara More,2024-11-25
206,Wahab Sharma,2025-04-13
207,Guneet Chahal,2023-05-19
208,Warhi Pandit,2024-11-20
209,Vinaya Goda,2023-12-06
210,Upasna Patel,2024-09-30
211,Unni Saxena,2023-03-05
212,Tejas Balay,2023-12-12
213,Arin Gopal,2025-08-28
214,Deepa Uppal,2024-12-01
215,Yachana Sandal,2024-10-02
216,Andrew Kata,2025-02-27
217,Vanya Khurana,2025-05-04
218,Chanakya Dalal,2024-04-10
219,Ekaraj Nagy,2025-01-19
220,Dhruv Sastry,2023-01-07
221,Kavya Sama,2025-05-04
222,Megha Venkataraman,2025-07-10
223,Gauri Chokshi,2024-09-01
224,Janaki Thakur,2024-08-20
225,Kai Bhardwaj,2023-06-27
226,Teerth Trivedi,2024-05-17
227,Sanaya Thaker,2024-04-05
228,Abdul Bora,2025-06-06
229,Yashica Mishra,2025-02-09
230,Ishaan Manda,2025-08-11
231,Radha Tripathi,2024-08-16
232,Osha Mody,2023-04-27
233,Ryan Minhas,2023-12-02
234,Dominic Bhandari,2023-06-19
235,Balvan Mahajan,2024-05-29
236,Tanmayi Tiwari,2023-03-21
237,Caleb Narayan,2023-06-27
238,Bishakha Bedi,2023-12-18
239,Eesha Tella,2023-05-02
240,Prisha Barad,2025-05-28
241,Vedant Dalal,2024-07-18
242,Dayamai Goyal,2023-07-28
243,Yashvi Kumar,2023-08-06
244,Neelima Lad,2023-08-01
245,Nathaniel Chand,2025-08-08
246,Idika Gokhale,2022-12-05
247,Aahana Sehgal,2023-09-24
248,Vamakshi Sane,2023-04-20
249,Lekha Manda,2024-09-29
250,Kamala Jani,2024-05-12
251,Anthony Bhalla,2024-11-09
252,Harish Natt,2025-08-18
253,Ayush Sharaf,2023-07-06
254,Zansi Sant,2023-10-22
255,Arin Jani,2022-11-14
256,Qabil Datta,2024-07-25
257,Aradhana Bir,2023-01-19
258,Advika Rout,2025-04-01
259,Ojas Mann,2024-06-07
260,Mugdha Sampath,2023-10-17
261,Megha Sood,2025-01-31
262,Balvan Pradhan,2024-03-19
263,Thomas Chaudhary,2024-11-21
264,Tejas Nayak,2024-12-31
265,Saumya Ahluwalia,2025-01-07
266,Chakradhar Uppal,2022-11-28
267,Sanya Seth,2024-07-23
268,Jagvi Borah,2025-07-05
269,Imaran Prasad,2024-12-02
270,Ekanta Bhatia,2024-04-05
271,Sara Bajwa,2024-04-06
272,Rudra Sundaram,2023-08-14
273,Gaurang Arya,2024-10-02
274,Pranit Sagar,2025-08-22
275,Qushi Chanda,2024-07-12
276,Kamala Roy,2024-05-03
277,Theodore Sachdeva,2023-03-02
278,Reyansh Sen,2024-12-02
279,Chameli Bala,2022-10-17
280,Lucky Chatterjee,2024-08-18
281,Hemangini Bhagat,2023-08-23
282,William Pant,2024-12-28
283,Jatin Bali,2023-03-05
284,Onkar Sidhu,2023-09-03
285,Pushti Pathak,2023-12-11
286,Abha Chokshi,2023-07-04
287,Tristan Viswanathan,2024-05-12
288,Bhavini Sur,2023-11-12
289,Akshay Apte,2024-01-01
290,Wahab Anand,2024-03-19
291,Deepa Dubey,2024-11-12
292,Chaman Natarajan,2024-04-30
293,Qushi Bora,2024-03-05
294,Caleb Kata,2024-03-07
295,Kamya Wagle,2024-07-28
296,Nicholas Panchal,2025-05-02
297,Chakrika Nath,2025-01-29
298,Ridhi Barad,2024-11-30
299,Vidhi Bhakta,2022-12-10
300,Faraj Sachdeva,2025-03-16
301,Turvi Narain,2025-02-21
302,Tanay Tara,2023-05-17
303,Isaac De,2024-11-03
304,Hritik Som,2023-04-16
305,Rohan Krishnamurthy,2024-01-01
306,Chandresh Ramaswamy,2023-11-11
307,Radha Bedi,2024-04-24
308,Warda Rama,2024-12-10
309,Jack Vohra,2023-10-07
310,Parth Krishna,2022-11-22
311,Bhavini Chokshi,2023-01-16
312,Ekta Nigam,2023-12-29
313,Aachal Oza,2025-06-25
314,Zayyan Ghosh,2023-04-26
315,Megha Nagy,2024-04-16
316,Kiaan Ahuja,2024-03-18
317,Darpan Radhakrishnan,2024-08-28
318,Ishwar Minhas,2024-11-14
319,Teerth Dewan,2025-03-15
320,Anita Shenoy,2023-10-31
321,Omisha Deo,2024-02-05
322,Unni Sem,2024-03-28
323,Indali Srinivasan,2025-02-14
324,Eiravati Agrawal,2022-10-09
325,Ekalinga Deol,2023-01-16
326,Yashasvi Bains,2024-07-01
327,Eiravati Banik,2024-08-20
328,Ucchal Dubey,2025-04-11
329,Zarna Wali,2025-07-16
330,Januja Kashyap,2024-11-11
331,Avni Mallick,2023-11-23
332,Yamini Nayar,2024-06-06
333,Wridesh Krishna,2024-02-03
334,Yug Gade,2023-10-22
335,Anmol Prakash,2025-05-02
336,Jagvi Murthy,2023-05-24
337,Jagat Mandal,2025-01-09
338,Yashvi Loyal,2025-06-17
339,Hemangini Kanda,2025-07-11
340,Advay Gaba,2024-02-02
341,Chakradhar Sachar,2025-04-04
342,Krisha Deep,2025-04-29
343,Saumya Hari,2024-11-29
344,Chanchal Gill,2025-03-29
345,Shivansh Kant,2024-01-23
346,Dipta Kanda,2023-03-20
347,Anamika Hans,2024-02-04
348,Nikita Dey,2024-06-21
349,Onveer Dugal,2024-07-03
350,Shravya Mittal,2023-02-27
351,Aadhya Bhasin,2023-01-13
352,Patrick Chada,2023-12-04
353,Samuel Chacko,2024-06-16
354,Gautam Mody,2023-12-26
355,Ekiya Dugar,2023-11-19
356,Chandran Mistry,2023-09-14
357,Tanveer Barad,2024-03-22
358,Qushi Hari,2022-11-27
359,Chanakya Kamdar,2023-09-29
360,Kashish Bala,2023-02-19
361,Upasna Kakar,2023-05-14
362,Gaurangi Patel,2024-07-29
363,Wazir Bhatt,2024-07-27
364,Yashawini Kari,2025-01-17
365,Rohan Narula,2024-03-15
366,Naveen Subramanian,2023-11-29
367,Maanas Sampath,2025-08-18
368,Rehaan Mahajan,2024-04-01
369,Pahal Dugal,2025-05-13
370,Veda Chhabra,2023-08-19
371,Dayita Ram,2023-01-23
372,Tanay Vohra,2024-01-04
373,Inaya Dar,2024-12-08
374,Urishilla Gola,2022-10-06
375,Wyatt Sha,2023-06-13
376,Frado Shetty,2022-12-16
377,Dipta Suresh,2022-11-14
378,Yamini Dayal,2024-12-04
379,Parth Palan,2023-01-03
380,Rushil Modi,2023-04-11
381,Upkaar Mital,2023-06-14
382,Bachittar Sarna,2025-03-30
383,Waida Gulati,2023-02-15
384,Ganga Grewal,2024-06-07
385,Max Chanda,2024-03-01
386,Vasudha Ramachandran,2025-04-30
387,Hemangini Sabharwal,2023-02-22
388,Robert Srinivas,2023-11-14
389,Robert Issac,2025-01-23
390,Jeevika Memon,2025-07-20
391,Anamika Parmer,2025-03-18
392,Anika Parmar,2023-12-26
393,Ryan Comar,2024-12-13
394,Kashvi Tak,2024-10-02
395,Rohan Sachdeva,2024-02-13
396,Aadhya Nayak,2023-05-09
397,Wakeeta Krishnan,2025-01-20
398,Arunima Singh,2024-08-30
399,Chandran Tara,2025-07-24
400,Nirja Deshpande,2025-08-28
401,Reyansh Bhandari,2024-09-16
402,Wazir Sidhu,2024-06-11
403,Qarin Rastogi,2023-06-14
404,Amara Srivastava,2024-10-02
405,Sai Soman,2024-11-03
406,Lucky Pai,2023-12-13
407,Krishna Dyal,2023-03-18
408,Lucky Chatterjee,2024-04-12
409,Aarini Mangal,2023-02-18
410,Chandresh Nadig,2022-10-20
411,Janya Ray,2023-12-05
412,Frado Ramachandran,2023-10-22
413,Fiyaz Saxena,2024-05-10
414,Eshana Chakrabarti,2025-07-19
415,Finn Walia,2024-09-26
416,Aarush Hegde,2023-06-01
417,Girik Sankaran,2023-09-16
418,Oscar Walia,2025-04-21
419,Avni Deo,2024-03-30
420,Ria Zacharia,2024-04-02
421,Amara Vaidya,2025-03-31
422,Lakshmi Chadha,2025-08-21
423,Neel Sharaf,2025-05-15
424,Kalpit Shukla,2023-03-07
425,Aradhana Lad,2025-05-12
426,Bhavna Bansal,2025-02-23
427,Advay Sarna,2024-09-04
428,Jeevika Patel,2025-03-29
429,Kiaan Bumb,2025-02-04
430,Xalak Bahri,2023-10-01
431,Frederick Johal,2024-06-24
432,Netra Saran,2023-03-31
433,Charan Ganesan,2024-10-26
434,Michael Verma,2025-04-24
435,Veda Deo,2023-11-24
436,Kala Bhargava,2025-05-06
437,Bishakha Reddy,2024-11-01
438,Oscar Sidhu,2022-10-20
439,Nakul Rama,2024-10-29
440,Bachittar Gara,2023-08-16
441,Hemangini Chakrabarti,2025-07-03
442,Zayyan Yadav,2023-05-11
443,Nimrat Raval,2023-03-21
444,Pahal Chokshi,2024-08-17
445,Dalaja Shere,2023-06-11
446,Odika Sunder,2022-10-16
447,Urvashi Sachdev,2023-04-07
448,Umang Pant,2025-06-21
449,Banjeet Gokhale,2024-10-25
450,Yauvani Rama,2023-11-29
451,Charvi Saxena,2024-01-05
452,Manya Dubey,2023-02-26
453,Ronith Kota,2023-12-17
454,Gaurang Mahajan,2024-08-25
455,Liam Dasgupta,2023-04-08
456,Xalak Bera,2024-02-09
457,Sathvik Ganesan,2025-04-28
458,Zashil Solanki,2023-04-27
459,Pushti Jha,2024-10-20
460,Nicholas Madan,2023-09-06
461,Eesha Babu,2023-02-08
462,Azaan Kothari,2023-07-14
463,Vanya Oommen,2022-10-11
464,Yash Narasimhan,2023-06-15
465,Aishani Chandran,2023-11-09
466,Chaaya Deol,2022-10-05
467,Viraj Mitter,2023-09-07
468,Lipika Modi,2025-05-17
469,Eshana Bansal,2025-06-26
470,Ekanta Bhasin,2025-06-19
471,Maanas Radhakrishnan,2023-01-15
472,Yashodhara Amble,2024-02-10
473,Tanay Ravel,2024-02-19
474,Henry Sharaf,2025-01-16
475,Yashvi Sanghvi,2023-01-06
476,David Shenoy,2024-04-11
477,Alka Balan,2025-07-24
478,Yuvraj Trivedi,2025-05-19
479,Gauri Chaudhary,2023-05-17
480,Upkaar Sankar,2025-02-26
481,Netra Soni,2025-05-09
482,Yuvraj Mahal,2025-01-03
483,Falguni Hegde,2024-08-14
484,Samesh Purohit,2023-03-09
485,Faraj Radhakrishnan,2023-02-16
486,Vrishti Uppal,2025-01-03
487,Karan Walla,2023-07-16
488,Lopa Panchal,2025-06-30
489,Bishakha Gera,2023-03-26
490,Teerth Bhalla,2025-07-18
491,Mugdha Pal,2024-10-08
492,Azad Saraf,2023-11-27
493,Urishilla Dada,2023-06-03
494,Tanish Mani,2023-05-27
495,Chanakya Tiwari,2024-03-25
496,Christopher Doctor,2022-11-02
497,Dalaja Ranganathan,2023-08-26
498,Ishani Narayanan,2023-07-08
499,Widisha Rau,2024-03-16
500,Matthew Grover,2023-01-10
